Entidad federativa,Grupo quinquenal de edad,Total,Hombres,Mujeres
Estados Unidos Mexicanos,Total,"126,014,024","61,473,390","64,540,634"
Estados Unidos Mexicanos,0 a 4 años,"10,047,365","5,077,482","4,969,883"
Estados Unidos Mexicanos,5 a 9 años,"10,764,379","5,453,091","5,311,288"
Estados Unidos Mexicanos,10 a 14 años,"10,943,540","5,554,260","5,389,280"
Estados Unidos Mexicanos,15 a 19 años,"10,806,690","5,462,150","5,344,540"
Estados Unidos Mexicanos,20 a 24 años,"10,422,095","5,165,884","5,256,211"
Estados Unidos Mexicanos,25 a 29 años,"9,993,001","4,861,404","5,131,597"
Estados Unidos Mexicanos,30 a 34 años,"9,420,827","4,527,726","4,893,101"
Estados Unidos Mexicanos,35 a 39 años,"9,020,276","4,331,530","4,688,746"
Estados Unidos Mexicanos,40 a 44 años,"8,503,586","4,062,304","4,441,282"
Estados Unidos Mexicanos,45 a 49 años,"7,942,413","3,812,344","4,130,069"
Estados Unidos Mexicanos,50 a 54 años,"7,037,532","3,332,163","3,705,369"
Estados Unidos Mexicanos,55 a 59 años,"5,695,958","2,692,976","3,002,982"
Estados Unidos Mexicanos,60 a 64 años,"4,821,062","2,257,862","2,563,200"
Estados Unidos Mexicanos,65 a 69 años,"3,645,077","1,706,850","1,938,227"
Estados Unidos Mexicanos,70 a 74 años,"2,647,340","1,233,492","1,413,848"
Estados Unidos Mexicanos,75 a 79 años,"1,814,582","847,898","966,684"
Estados Unidos Mexicanos,80 a 84 años,"1,175,364","523,812","651,552"
Estados Unidos Mexicanos,85 a 89 años,"659,245","283,351","375,894"
Estados Unidos Mexicanos,90 a 94 años,"266,806","107,358","159,448"
Estados Unidos Mexicanos,95 a 99 años,"95,205","36,615","58,590"
Estados Unidos Mexicanos,100 años y más,"18,295","6,644","11,651"
Estados Unidos Mexicanos,No especificado,"273,386","136,194","137,192"
Aguascalientes,Total,"1,425,607","696,683","728,924"
Aguascalientes,0 a 4 años,"124,430","62,978","61,452"
Aguascalientes,5 a 9 años,"131,048","66,359","64,689"
Aguascalientes,10 a 14 años,"129,717","66,080","63,637"
Aguascalientes,15 a 19 años,"131,967","66,903","65,064"
Aguascalientes,20 a 24 años,"127,020","63,154","63,866"
Aguascalientes,25 a 29 años,"118,426","58,141","60,285"
Aguascalientes,30 a 34 años,"106,825","51,651","55,174"
Aguascalientes,35 a 39 años,"99,257","47,774","51,483"
Aguascalientes,40 a 44 años,"92,378","43,839","48,539"
Aguascalientes,45 a 49 años,"84,669","40,163","44,506"
Aguascalientes,50 a 54 años,"74,121","34,611","39,510"
Aguascalientes,55 a 59 años,"58,865","27,608","31,257"
Aguascalientes,60 a 64 años,"48,306","22,435","25,871"
Aguascalientes,65 a 69 años,"35,823","16,698","19,125"
Aguascalientes,70 a 74 años,"25,586","11,782","13,804"
Aguascalientes,75 a 79 años,"16,581","7,739","8,842"
Aguascalientes,80 a 84 años,"10,186","4,397","5,789"
Aguascalientes,85 a 89 años,"5,576","2,360","3,216"
Aguascalientes,90 a 94 años,"2,410",942,"1,468"
Aguascalientes,95 a 99 años,796,284,512
Aguascalientes,100 años y más,112,36,76
Aguascalientes,No especificado,"1,508",749,759
Baja California,Total,"3,769,020","1,900,589","1,868,431"
Baja California,0 a 4 años,"266,301","134,410","131,891"
Baja California,5 a 9 años,"299,654","152,609","147,045"
Baja California,10 a 14 años,"312,348","159,306","153,042"
Baja California,15 a 19 años,"315,639","161,298","154,341"
Baja California,20 a 24 años,"340,359","173,450","166,909"
Baja California,25 a 29 años,"328,244","166,250","161,994"
Baja California,30 a 34 años,"302,389","152,164","150,225"
Baja California,35 a 39 años,"292,069","148,169","143,900"
Baja California,40 a 44 años,"273,611","138,332","135,279"
Baja California,45 a 49 años,"260,844","134,187","126,657"
Baja California,50 a 54 años,"221,388","112,789","108,599"
Baja California,55 a 59 años,"168,653","84,778","83,875"
Baja California,60 a 64 años,"134,022","65,287","68,735"
Baja California,65 a 69 años,"94,704","44,982","49,722"
Baja California,70 a 74 años,"65,425","30,812","34,613"
Baja California,75 a 79 años,"40,874","18,833","22,041"
Baja California,80 a 84 años,"25,204","11,060","14,144"
Baja California,85 a 89 años,"12,451","5,277","7,174"
Baja California,90 a 94 años,"4,858","1,897","2,961"
Baja California,95 a 99 años,"1,512",522,990
Baja California,100 años y más,252,81,171
Baja California,No especificado,"8,219","4,096","4,123"
Baja California Sur,Total,"798,447","405,879","392,568"
Baja California Sur,0 a 4 años,"62,455","31,479","30,976"
Baja California Sur,5 a 9 años,"66,933","33,962","32,971"
Baja California Sur,10 a 14 años,"67,665","34,455","33,210"
Baja California Sur,15 a 19 años,"65,469","33,788","31,681"
Baja California Sur,20 a 24 años,"66,743","34,418","32,325"
Baja California Sur,25 a 29 años,"68,798","35,046","33,752"
Baja California Sur,30 a 34 años,"67,779","34,653","33,126"
Baja California Sur,35 a 39 años,"64,927","33,289","31,638"
Baja California Sur,40 a 44 años,"59,389","30,390","28,999"
Baja California Sur,45 a 49 años,"51,771","26,718","25,053"
Baja California Sur,50 a 54 años,"43,337","21,910","21,427"
Baja California Sur,55 a 59 años,"33,731","16,905","16,826"
Baja California Sur,60 a 64 años,"27,095","13,415","13,680"
Baja California Sur,65 a 69 años,"19,274","9,587","9,687"
Baja California Sur,70 a 74 años,"12,545","6,165","6,380"
Baja California Sur,75 a 79 años,"8,166","3,984","4,182"
Baja California Sur,80 a 84 años,"4,649","2,134","2,515"
Baja California Sur,85 a 89 años,"2,556","1,165","1,391"
Baja California Sur,90 a 94 años,936,367,569
Baja California Sur,95 a 99 años,332,118,214
Baja California Sur,100 años y más,55,18,37
Baja California Sur,No especificado,"3,842","1,913","1,929"
Campeche,Total,"928,363","456,939","471,424"
Campeche,0 a 4 años,"78,935","39,817","39,118"
Campeche,5 a 9 años,"82,015","41,624","40,391"
Campeche,10 a 14 años,"80,168","41,047","39,121"
Campeche,15 a 19 años,"76,140","38,468","37,672"
Campeche,20 a 24 años,"75,556","37,277","38,279"
Campeche,25 a 29 años,"72,798","35,046","37,752"
Campeche,30 a 34 años,"72,709","34,557","38,152"
Campeche,35 a 39 años,"70,275","33,611","36,664"
Campeche,40 a 44 años,"64,170","30,761","33,409"
Campeche,45 a 49 años,"57,628","28,036","29,592"
Campeche,50 a 54 años,"50,254","24,392","25,862"
Campeche,55 a 59 años,"40,805","19,857","20,948"
Campeche,60 a 64 años,"32,778","16,020","16,758"
Campeche,65 a 69 años,"25,796","12,530","13,266"
Campeche,70 a 74 años,"17,559","8,668","8,891"
Campeche,75 a 79 años,"11,916","5,984","5,932"
Campeche,80 a 84 años,"7,536","3,718","3,818"
Campeche,85 a 89 años,"4,413","2,113","2,300"
Campeche,90 a 94 años,"1,768",832,936
Campeche,95 a 99 años,701,353,348
Campeche,100 años y más,149,78,71
Campeche,No especificado,"4,294","2,150","2,144"
Coahuila de Zaragoza,Total,"3,146,771","1,563,669","1,583,102"
Coahuila de Zaragoza,0 a 4 años,"279,912","141,812","138,100"
Coahuila de Zaragoza,5 a 9 años,"276,224","140,417","135,807"
Coahuila de Zaragoza,10 a 14 años,"268,144","136,301","131,843"
Coahuila de Zaragoza,15 a 19 años,"269,284","136,850","132,434"
Coahuila de Zaragoza,20 a 24 años,"264,313","133,659","130,654"
Coahuila de Zaragoza,25 a 29 años,"245,917","122,570","123,347"
Coahuila de Zaragoza,30 a 34 años,"224,329","110,882","113,447"
Coahuila de Zaragoza,35 a 39 años,"219,634","109,371","110,263"
Coahuila de Zaragoza,40 a 44 años,"218,687","106,991","111,696"
Coahuila de Zaragoza,45 a 49 años,"205,202","100,846","104,356"
Coahuila de Zaragoza,50 a 54 años,"178,214","86,423","91,791"
Coahuila de Zaragoza,55 a 59 años,"142,215","69,115","73,100"
Coahuila de Zaragoza,60 a 64 años,"118,950","57,307","61,643"
Coahuila de Zaragoza,65 a 69 años,"84,422","40,630","43,792"
Coahuila de Zaragoza,70 a 74 años,"61,684","29,458","32,226"
Coahuila de Zaragoza,75 a 79 años,"39,801","18,836","20,965"
Coahuila de Zaragoza,80 a 84 años,"24,851","11,199","13,652"
Coahuila de Zaragoza,85 a 89 años,"12,495","5,503","6,992"
Coahuila de Zaragoza,90 a 94 años,"4,712","1,826","2,886"
Coahuila de Zaragoza,95 a 99 años,"1,408",529,879
Coahuila de Zaragoza,100 años y más,214,70,144
Coahuila de Zaragoza,No especificado,"6,159","3,074","3,085"
Colima,Total,"731,391","360,622","370,769"
Colima,0 a 4 años,"52,313","26,532","25,781"
Colima,5 a 9 años,"60,049","30,646","29,403"
Colima,10 a 14 años,"60,801","30,952","29,849"
Colima,15 a 19 años,"60,663","30,667","29,996"
Colima,20 a 24 años,"59,343","29,637","29,706"
Colima,25 a 29 años,"58,035","28,584","29,451"
Colima,30 a 34 años,"57,436","27,688","29,748"
Colima,35 a 39 años,"54,566","26,634","27,932"
Colima,40 a 44 años,"51,179","24,786","26,393"
Colima,45 a 49 años,"47,133","23,147","23,986"
Colima,50 a 54 años,"41,541","20,037","21,504"
Colima,55 a 59 años,"34,819","16,843","17,976"
Colima,60 a 64 años,"29,795","14,473","15,322"
Colima,65 a 69 años,"22,071","10,602","11,469"
Colima,70 a 74 años,"16,086","7,710","8,376"
Colima,75 a 79 años,"10,803","5,101","5,702"
Colima,80 a 84 años,"6,859","3,103","3,756"
Colima,85 a 89 años,"3,623","1,561","2,062"
Colima,90 a 94 años,"1,571",655,916
Colima,95 a 99 años,601,236,365
Colima,100 años y más,148,53,95
Colima,No especificado,"1,956",975,981
Chiapas,Total,"5,543,828","2,705,947","2,837,881"
Chiapas,0 a 4 años,"574,152","288,911","285,241"
Chiapas,5 a 9 años,"612,792","308,758","304,034"
Chiapas,10 a 14 años,"583,132","295,114","288,018"
Chiapas,15 a 19 años,"526,577","262,521","264,056"
Chiapas,20 a 24 años,"464,523","223,732","240,791"
Chiapas,25 a 29 años,"424,403","198,455","225,948"
Chiapas,30 a 34 años,"396,045","184,761","211,284"
Chiapas,35 a 39 años,"372,863","174,270","198,593"
Chiapas,40 a 44 años,"329,204","156,472","172,732"
Chiapas,45 a 49 años,"284,333","135,809","148,524"
Chiapas,50 a 54 años,"243,848","117,157","126,691"
Chiapas,55 a 59 años,"196,355","94,905","101,450"
Chiapas,60 a 64 años,"158,726","77,668","81,058"
Chiapas,65 a 69 años,"125,777","62,035","63,742"
Chiapas,70 a 74 años,"85,855","43,119","42,736"
Chiapas,75 a 79 años,"63,158","31,971","31,187"
Chiapas,80 a 84 años,"38,245","19,047","19,198"
Chiapas,85 a 89 años,"21,839","10,638","11,201"
Chiapas,90 a 94 años,"8,853","4,300","4,553"
Chiapas,95 a 99 años,"3,855","1,752","2,103"
Chiapas,100 años y más,"1,449",651,798
Chiapas,No especificado,"27,844","13,901","13,943"
Chihuahua,Total,"3,741,869","1,853,822","1,888,047"
Chihuahua,0 a 4 años,"291,286","147,610","143,676"
Chihuahua,5 a 9 años,"317,322","161,182","156,140"
Chihuahua,10 a 14 años,"333,715","169,615","164,100"
Chihuahua,15 a 19 años,"326,333","165,942","160,391"
Chihuahua,20 a 24 años,"314,067","157,281","156,786"
Chihuahua,25 a 29 años,"298,299","147,844","150,455"
Chihuahua,30 a 34 años,"275,644","135,649","139,995"
Chihuahua,35 a 39 años,"263,669","130,612","133,057"
Chihuahua,40 a 44 años,"251,983","124,354","127,629"
Chihuahua,45 a 49 años,"248,522","123,238","125,284"
Chihuahua,50 a 54 años,"219,930","107,604","112,326"
Chihuahua,55 a 59 años,"173,639","84,028","89,611"
Chihuahua,60 a 64 años,"140,861","66,530","74,331"
Chihuahua,65 a 69 años,"100,944","47,253","53,691"
Chihuahua,70 a 74 años,"74,018","34,187","39,831"
Chihuahua,75 a 79 años,"50,265","23,473","26,792"
Chihuahua,80 a 84 años,"31,387","14,273","17,114"
Chihuahua,85 a 89 años,"15,250","6,585","8,665"
Chihuahua,90 a 94 años,"5,376","2,130","3,246"
Chihuahua,95 a 99 años,"1,477",531,946
Chihuahua,100 años y más,243,88,155
Chihuahua,No especificado,"7,639","3,813","3,826"
Ciudad de México,Total,"9,209,944","4,404,927","4,805,017"
Ciudad de México,0 a 4 años,"479,904","242,877","237,027"
Ciudad de México,5 a 9 años,"563,907","286,280","277,627"
Ciudad de México,10 a 14 años,"608,962","309,140","299,822"
Ciudad de México,15 a 19 años,"650,389","331,109","319,280"
Ciudad de México,20 a 24 años,"714,605","359,049","355,556"
Ciudad de México,25 a 29 años,"752,289","372,081","380,208"
Ciudad de México,30 a 34 años,"743,611","363,448","380,163"
Ciudad de México,35 a 39 años,"705,850","340,545","365,305"
Ciudad de México,40 a 44 años,"670,307","317,312","352,995"
Ciudad de México,45 a 49 años,"668,945","313,846","355,099"
Ciudad de México,50 a 54 años,"623,483","286,394","337,089"
Ciudad de México,55 a 59 años,"526,447","239,651","286,796"
Ciudad de México,60 a 64 años,"469,514","209,065","260,449"
Ciudad de México,65 a 69 años,"356,196","157,245","198,951"
Ciudad de México,70 a 74 años,"267,744","115,130","152,614"
Ciudad de México,75 a 79 años,"175,215","74,210","101,005"
Ciudad de México,80 a 84 años,"117,480","46,094","71,386"
Ciudad de México,85 a 89 años,"66,316","24,278","42,038"
Ciudad de México,90 a 94 años,"28,780","9,308","19,472"
Ciudad de México,95 a 99 años,"9,066","2,725","6,341"
Ciudad de México,100 años y más,"1,308",357,951
Ciudad de México,No especificado,"9,626","4,783","4,843"
Durango,Total,"1,832,650","904,866","927,784"
Durango,0 a 4 años,"167,600","85,081","82,519"
Durango,5 a 9 años,"176,033","89,816","86,217"
Durango,10 a 14 años,"170,271","86,764","83,507"
Durango,15 a 19 años,"162,990","82,839","80,151"
Durango,20 a 24 años,"153,588","76,936","76,652"
Durango,25 a 29 años,"141,107","69,038","72,069"
Durango,30 a 34 años,"129,526","63,232","66,294"
Durango,35 a 39 años,"118,830","57,634","61,196"
Durango,40 a 44 años,"114,976","55,778","59,198"
Durango,45 a 49 años,"108,070","52,309","55,761"
Durango,50 a 54 años,"97,009","45,980","51,029"
Durango,55 a 59 años,"79,997","37,971","42,026"
Durango,60 a 64 años,"66,536","31,635","34,901"
Durango,65 a 69 años,"49,727","23,758","25,969"
Durango,70 a 74 años,"36,956","17,758","19,198"
Durango,75 a 79 años,"25,689","12,593","13,096"
Durango,80 a 84 años,"17,026","8,058","8,968"
Durango,85 a 89 años,"9,042","4,191","4,851"
Durango,90 a 94 años,"3,333","1,441","1,892"
Durango,95 a 99 años,"1,012",418,594
Durango,100 años y más,157,60,97
Durango,No especificado,"3,175","1,576","1,599"
Guanajuato,Total,"6,166,934","2,996,454","3,170,480"
Guanajuato,0 a 4 años,"538,846","272,745","266,101"
Guanajuato,5 a 9 años,"547,545","277,429","270,116"
Guanajuato,10 a 14 años,"549,301","278,676","270,625"
Guanajuato,15 a 19 años,"552,092","277,977","274,115"
Guanajuato,20 a 24 años,"540,587","267,148","273,439"
Guanajuato,25 a 29 años,"501,868","242,026","259,842"
Guanajuato,30 a 34 años,"462,332","218,363","243,969"
Guanajuato,35 a 39 años,"439,045","208,278","230,767"
Guanajuato,40 a 44 años,"407,230","192,549","214,681"
Guanajuato,45 a 49 años,"365,660","174,419","191,241"
Guanajuato,50 a 54 años,"318,197","148,310","169,887"
Guanajuato,55 a 59 años,"250,808","116,934","133,874"
Guanajuato,60 a 64 años,"214,406","99,483","114,923"
Guanajuato,65 a 69 años,"161,765","75,898","85,867"
Guanajuato,70 a 74 años,"118,285","55,393","62,892"
Guanajuato,75 a 79 años,"81,110","38,242","42,868"
Guanajuato,80 a 84 años,"54,366","24,455","29,911"
Guanajuato,85 a 89 años,"31,747","14,089","17,658"
Guanajuato,90 a 94 años,"14,003","5,815","8,188"
Guanajuato,95 a 99 años,"5,009","1,992","3,017"
Guanajuato,100 años y más,683,227,456
Guanajuato,No especificado,"12,049","6,006","6,043"
Guerrero,Total,"3,540,685","1,700,612","1,840,073"
Guerrero,0 a 4 años,"335,458","169,332","166,126"
Guerrero,5 a 9 años,"351,010","177,163","173,847"
Guerrero,10 a 14 años,"348,493","176,233","172,260"
Guerrero,15 a 19 años,"326,540","162,620","163,920"
Guerrero,20 a 24 años,"281,967","133,690","148,277"
Guerrero,25 a 29 años,"256,191","118,352","137,839"
Guerrero,30 a 34 años,"237,976","109,644","128,332"
Guerrero,35 a 39 años,"222,157","102,989","119,168"
Guerrero,40 a 44 años,"209,120","97,642","111,478"
Guerrero,45 a 49 años,"190,778","89,571","101,207"
Guerrero,50 a 54 años,"174,072","80,393","93,679"
Guerrero,55 a 59 años,"148,972","69,264","79,708"
Guerrero,60 a 64 años,"126,765","59,295","67,470"
Guerrero,65 a 69 años,"104,196","48,671","55,525"
Guerrero,70 a 74 años,"77,444","36,646","40,798"
Guerrero,75 a 79 años,"58,071","27,472","30,599"
Guerrero,80 a 84 años,"39,210","17,897","21,313"
Guerrero,85 a 89 años,"23,532","10,376","13,156"
Guerrero,90 a 94 años,"9,187","4,039","5,148"
Guerrero,95 a 99 años,"3,950","1,657","2,293"
Guerrero,100 años y más,"1,179",470,709
Guerrero,No especificado,"14,417","7,196","7,221"
Hidalgo,Total,"3,082,841","1,481,379","1,601,462"
Hidalgo,0 a 4 años,"238,189","120,314","117,875"
Hidalgo,5 a 9 años,"269,553","136,027","133,526"
Hidalgo,10 a 14 años,"283,676","143,492","140,184"
Hidalgo,15 a 19 años,"272,506","137,426","135,080"
Hidalgo,20 a 24 años,"238,187","116,241","121,946"
Hidalgo,25 a 29 años,"231,124","108,338","122,786"
Hidalgo,30 a 34 años,"224,226","102,706","121,520"
Hidalgo,35 a 39 años,"221,410","101,835","119,575"
Hidalgo,40 a 44 años,"211,048","97,725","113,323"
Hidalgo,45 a 49 años,"194,567","91,193","103,374"
Hidalgo,50 a 54 años,"171,679","79,935","91,744"
Hidalgo,55 a 59 años,"139,795","65,244","74,551"
Hidalgo,60 a 64 años,"118,929","55,713","63,216"
Hidalgo,65 a 69 años,"93,011","44,117","48,894"
Hidalgo,70 a 74 años,"66,179","31,397","34,782"
Hidalgo,75 a 79 años,"47,263","22,656","24,607"
Hidalgo,80 a 84 años,"29,997","13,534","16,463"
Hidalgo,85 a 89 años,"17,421","7,713","9,708"
Hidalgo,90 a 94 años,"7,213","2,878","4,335"
Hidalgo,95 a 99 años,"3,020","1,115","1,905"
Hidalgo,100 años y más,642,192,450
Hidalgo,No especificado,"3,206","1,588","1,618"
Jalisco,Total,"8,348,151","4,098,455","4,249,696"
Jalisco,0 a 4 años,"670,983","339,122","331,861"
Jalisco,5 a 9 años,"718,100","363,911","354,189"
Jalisco,10 a 14 años,"714,906","364,020","350,886"
Jalisco,15 a 19 años,"716,259","362,796","353,463"
Jalisco,20 a 24 años,"704,359","351,982","352,377"
Jalisco,25 a 29 años,"668,334","331,070","337,264"
Jalisco,30 a 34 años,"639,006","312,917","326,089"
Jalisco,35 a 39 años,"602,903","295,336","307,567"
Jalisco,40 a 44 años,"549,859","266,310","283,549"
Jalisco,45 a 49 años,"511,537","248,266","263,271"
Jalisco,50 a 54 años,"444,689","210,067","234,622"
Jalisco,55 a 59 años,"357,080","167,535","189,545"
Jalisco,60 a 64 años,"313,011","144,991","168,020"
Jalisco,65 a 69 años,"240,553","111,583","128,970"
Jalisco,70 a 74 años,"181,420","84,464","96,956"
Jalisco,75 a 79 años,"120,885","56,892","63,993"
Jalisco,80 a 84 años,"76,495","33,970","42,525"
Jalisco,85 a 89 años,"41,507","17,843","23,664"
Jalisco,90 a 94 años,"17,725","7,062","10,663"
Jalisco,95 a 99 años,"6,381","2,422","3,959"
Jalisco,100 años y más,"1,108",393,715
Jalisco,No especificado,"51,051","25,503","25,548"
México,Total,"16,992,418","8,251,295","8,741,123"
México,0 a 4 años,"1,276,386","644,777","631,609"
México,5 a 9 años,"1,381,132","699,573","681,559"
México,10 a 14 años,"1,464,549","740,376","724,173"
México,15 a 19 años,"1,476,665","747,531","729,134"
México,20 a 24 años,"1,415,159","705,458","709,701"
México,25 a 29 años,"1,367,527","667,933","699,594"
México,30 a 34 años,"1,283,264","615,018","668,246"
México,35 a 39 años,"1,254,296","596,686","657,610"
México,40 a 44 años,"1,197,089","563,714","633,375"
México,45 a 49 años,"1,145,882","542,558","603,324"
México,50 a 54 años,"1,007,077","473,362","533,715"
México,55 a 59 años,"795,711","373,977","421,734"
México,60 a 64 años,"661,100","307,001","354,099"
México,65 a 69 años,"475,398","221,241","254,157"
México,70 a 74 años,"330,905","152,248","178,657"
México,75 a 79 años,"212,562","97,227","115,335"
México,80 a 84 años,"130,480","56,251","74,229"
México,85 a 89 años,"71,307","28,844","42,463"
México,90 a 94 años,"26,950","9,949","17,001"
México,95 a 99 años,"9,294","3,120","6,174"
México,100 años y más,"1,458",424,"1,034"
México,No especificado,"8,227","4,027","4,200"
Michoacán de Ocampo,Total,"4,748,846","2,306,341","2,442,505"
Michoacán de Ocampo,0 a 4 años,"429,837","216,825","213,012"
Michoacán de Ocampo,5 a 9 años,"441,618","223,382","218,236"
Michoacán de Ocampo,10 a 14 años,"426,869","215,932","210,937"
Michoacán de Ocampo,15 a 19 años,"407,743","204,821","202,922"
Michoacán de Ocampo,20 a 24 años,"390,431","191,587","198,844"
Michoacán de Ocampo,25 a 29 años,"367,568","176,271","191,297"
Michoacán de Ocampo,30 a 34 años,"345,272","162,946","182,326"
Michoacán de Ocampo,35 a 39 años,"318,438","151,597","166,841"
Michoacán de Ocampo,40 a 44 años,"299,299","142,585","156,714"
Michoacán de Ocampo,45 a 49 años,"270,544","129,380","141,164"
Michoacán de Ocampo,50 a 54 años,"243,599","113,217","130,382"
Michoacán de Ocampo,55 a 59 años,"202,399","94,210","108,189"
Michoacán de Ocampo,60 a 64 años,"178,844","83,238","95,606"
Michoacán de Ocampo,65 a 69 años,"140,009","66,427","73,582"
Michoacán de Ocampo,70 a 74 años,"106,332","50,515","55,817"
Michoacán de Ocampo,75 a 79 años,"74,938","35,694","39,244"
Michoacán de Ocampo,80 a 84 años,"51,154","23,473","27,681"
Michoacán de Ocampo,85 a 89 años,"30,976","13,989","16,987"
Michoacán de Ocampo,90 a 94 años,"13,255","5,868","7,387"
Michoacán de Ocampo,95 a 99 años,"5,246","2,242","3,004"
Michoacán de Ocampo,100 años y más,945,396,549
Michoacán de Ocampo,No especificado,"3,530","1,746","1,784"
Morelos,Total,"1,971,520","950,847","1,020,673"
Morelos,0 a 4 años,"145,439","73,680","71,759"
Morelos,5 a 9 años,"158,935","80,637","78,298"
Morelos,10 a 14 años,"164,177","83,391","80,786"
Morelos,15 a 19 años,"166,654","84,628","82,026"
Morelos,20 a 24 años,"162,146","79,566","82,580"
Morelos,25 a 29 años,"154,595","74,612","79,983"
Morelos,30 a 34 años,"143,404","67,970","75,434"
Morelos,35 a 39 años,"135,994","63,749","72,245"
Morelos,40 a 44 años,"130,539","60,716","69,823"
Morelos,45 a 49 años,"124,378","58,030","66,348"
Morelos,50 a 54 años,"114,284","52,588","61,696"
Morelos,55 a 59 años,"96,124","44,357","51,767"
Morelos,60 a 64 años,"84,475","39,123","45,352"
Morelos,65 a 69 años,"65,650","30,758","34,892"
Morelos,70 a 74 años,"47,846","22,462","25,384"
Morelos,75 a 79 años,"33,189","15,608","17,581"
Morelos,80 a 84 años,"21,954","9,791","12,163"
Morelos,85 a 89 años,"13,278","5,724","7,554"
Morelos,90 a 94 años,"5,327","2,165","3,162"
Morelos,95 a 99 años,"1,844",707,"1,137"
Morelos,100 años y más,340,126,214
Morelos,No especificado,948,459,489
Nayarit,Total,"1,235,456","612,278","623,178"
Nayarit,0 a 4 años,"103,601","52,602","50,999"
Nayarit,5 a 9 años,"113,942","58,000","55,942"
Nayarit,10 a 14 años,"113,335","57,726","55,609"
Nayarit,15 a 19 años,"104,256","52,792","51,464"
Nayarit,20 a 24 años,"97,500","48,537","48,963"
Nayarit,25 a 29 años,"92,542","45,237","47,305"
Nayarit,30 a 34 años,"90,577","43,990","46,587"
Nayarit,35 a 39 años,"85,180","41,559","43,621"
Nayarit,40 a 44 años,"81,357","39,971","41,386"
Nayarit,45 a 49 años,"75,138","37,298","37,840"
Nayarit,50 a 54 años,"64,958","31,691","33,267"
Nayarit,55 a 59 años,"54,507","26,262","28,245"
Nayarit,60 a 64 años,"47,698","22,763","24,935"
Nayarit,65 a 69 años,"37,876","18,563","19,313"
Nayarit,70 a 74 años,"27,774","13,560","14,214"
Nayarit,75 a 79 años,"19,910","9,792","10,118"
Nayarit,80 a 84 años,"13,039","6,345","6,694"
Nayarit,85 a 89 años,"7,093","3,310","3,783"
Nayarit,90 a 94 años,"2,773","1,179","1,594"
Nayarit,95 a 99 años,996,433,563
Nayarit,100 años y más,236,96,140
Nayarit,No especificado,"1,168",572,596
Nuevo León,Total,"5,784,442","2,890,950","2,893,492"
Nuevo León,0 a 4 años,"454,909","229,807","225,102"
Nuevo León,5 a 9 años,"463,819","235,679","228,140"
Nuevo León,10 a 14 años,"462,720","235,404","227,316"
Nuevo León,15 a 19 años,"471,896","240,241","231,655"
Nuevo León,20 a 24 años,"503,826","255,533","248,293"
Nuevo León,25 a 29 años,"488,349","248,479","239,870"
Nuevo León,30 a 34 años,"448,470","227,051","221,419"
Nuevo León,35 a 39 años,"426,619","215,999","210,620"
Nuevo León,40 a 44 años,"409,490","204,944","204,546"
Nuevo León,45 a 49 años,"387,678","194,154","193,524"
Nuevo León,50 a 54 años,"334,439","164,492","169,947"
Nuevo León,55 a 59 años,"260,045","126,971","133,074"
Nuevo León,60 a 64 años,"217,238","103,697","113,541"
Nuevo León,65 a 69 años,"154,408","72,766","81,642"
Nuevo León,70 a 74 años,"115,822","53,640","62,182"
Nuevo León,75 a 79 años,"77,327","35,523","41,804"
Nuevo León,80 a 84 años,"50,350","22,069","28,281"
Nuevo León,85 a 89 años,"25,023","10,300","14,723"
Nuevo León,90 a 94 años,"10,365","3,903","6,462"
Nuevo León,95 a 99 años,"3,097","1,133","1,964"
Nuevo León,100 años y más,420,116,304
Nuevo León,No especificado,"18,132","9,049","9,083"
Oaxaca,Total,"4,132,148","1,974,843","2,157,305"
Oaxaca,0 a 4 años,"359,853","181,303","178,550"
Oaxaca,5 a 9 años,"388,759","195,501","193,258"
Oaxaca,10 a 14 años,"398,362","201,586","196,776"
Oaxaca,15 a 19 años,"358,708","178,973","179,735"
Oaxaca,20 a 24 años,"310,307","147,137","163,170"
Oaxaca,25 a 29 años,"307,124","141,381","165,743"
Oaxaca,30 a 34 años,"289,279","132,924","156,355"
Oaxaca,35 a 39 años,"276,496","127,897","148,599"
Oaxaca,40 a 44 años,"259,478","120,384","139,094"
Oaxaca,45 a 49 años,"233,971","108,738","125,233"
Oaxaca,50 a 54 años,"210,438","96,862","113,576"
Oaxaca,55 a 59 años,"179,408","83,007","96,401"
Oaxaca,60 a 64 años,"155,780","72,135","83,645"
Oaxaca,65 a 69 años,"127,194","58,872","68,322"
Oaxaca,70 a 74 años,"93,692","43,728","49,964"
Oaxaca,75 a 79 años,"73,118","34,298","38,820"
Oaxaca,80 a 84 años,"50,714","23,170","27,544"
Oaxaca,85 a 89 años,"31,435","14,216","17,219"
Oaxaca,90 a 94 años,"12,630","5,550","7,080"
Oaxaca,95 a 99 años,"4,898","2,080","2,818"
Oaxaca,100 años y más,"1,116",433,683
Oaxaca,No especificado,"9,388","4,668","4,720"
Puebla,Total,"6,583,278","3,160,115","3,423,163"
Puebla,0 a 4 años,"578,779","292,266","286,513"
Puebla,5 a 9 años,"598,550","302,188","296,362"
Puebla,10 a 14 años,"603,375","305,853","297,522"
Puebla,15 a 19 años,"607,200","305,827","301,373"
Puebla,20 a 24 años,"570,646","279,374","291,272"
Puebla,25 a 29 años,"528,289","251,899","276,390"
Puebla,30 a 34 años,"475,854","221,145","254,709"
Puebla,35 a 39 años,"457,864","212,520","245,344"
Puebla,40 a 44 años,"425,089","196,550","228,539"
Puebla,45 a 49 años,"382,865","178,206","204,659"
Puebla,50 a 54 años,"334,597","153,039","181,558"
Puebla,55 a 59 años,"269,080","123,605","145,475"
Puebla,60 a 64 años,"229,364","104,369","124,995"
Puebla,65 a 69 años,"177,876","80,892","96,984"
Puebla,70 a 74 años,"128,374","58,004","70,370"
Puebla,75 a 79 años,"91,494","41,799","49,695"
Puebla,80 a 84 años,"60,354","26,102","34,252"
Puebla,85 a 89 años,"36,491","15,340","21,151"
Puebla,90 a 94 años,"14,770","5,903","8,867"
Puebla,95 a 99 años,"5,631","2,077","3,554"
Puebla,100 años y más,"1,065",335,730
Puebla,No especificado,"5,671","2,822","2,849"
Querétaro,Total,"2,368,467","1,156,820","1,211,647"
Querétaro,0 a 4 años,"187,893","94,523","93,370"
Querétaro,5 a 9 años,"196,969","99,958","97,011"
Querétaro,10 a 14 años,"198,601","100,847","97,754"
Querétaro,15 a 19 años,"198,141","99,841","98,300"
Querétaro,20 a 24 años,"209,039","104,347","104,692"
Querétaro,25 a 29 años,"214,139","105,543","108,596"
Querétaro,30 a 34 años,"194,576","94,293","100,283"
Querétaro,35 a 39 años,"182,743","87,967","94,776"
Querétaro,40 a 44 años,"165,728","79,318","86,410"
Querétaro,45 a 49 años,"149,832","71,841","77,991"
Querétaro,50 a 54 años,"125,857","59,009","66,848"
Querétaro,55 a 59 años,"97,903","46,132","51,771"
Querétaro,60 a 64 años,"80,729","37,769","42,960"
Querétaro,65 a 69 años,"57,833","26,736","31,097"
Querétaro,70 a 74 años,"40,979","18,799","22,180"
Querétaro,75 a 79 años,"27,417","12,516","14,901"
Querétaro,80 a 84 años,"17,321","7,578","9,743"
Querétaro,85 a 89 años,"9,975","4,174","5,801"
Querétaro,90 a 94 años,"4,195","1,596","2,599"
Querétaro,95 a 99 años,"1,531",557,974
Querétaro,100 años y más,242,76,166
Querétaro,No especificado,"6,824","3,400","3,424"
Quintana Roo,Total,"1,857,985","936,779","921,206"
Quintana Roo,0 a 4 años,"147,731","75,158","72,573"
Quintana Roo,5 a 9 años,"155,388","78,621","76,767"
Quintana Roo,10 a 14 años,"154,281","78,464","75,817"
Quintana Roo,15 a 19 años,"147,549","74,516","73,033"
Quintana Roo,20 a 24 años,"164,989","83,186","81,803"
Quintana Roo,25 a 29 años,"184,447","93,034","91,413"
Quintana Roo,30 a 34 años,"175,133","88,048","87,085"
Quintana Roo,35 a 39 años,"161,472","81,665","79,807"
Quintana Roo,40 a 44 años,"136,731","68,835","67,896"
Quintana Roo,45 a 49 años,"117,045","59,554","57,491"
Quintana Roo,50 a 54 años,"94,160","47,616","46,544"
Quintana Roo,55 a 59 años,"66,985","33,514","33,471"
Quintana Roo,60 a 64 años,"49,321","24,175","25,146"
Quintana Roo,65 a 69 años,"34,204","16,738","17,466"
Quintana Roo,70 a 74 años,"21,678","10,704","10,974"
Quintana Roo,75 a 79 años,"12,688","6,268","6,420"
Quintana Roo,80 a 84 años,"7,421","3,570","3,851"
Quintana Roo,85 a 89 años,"3,775","1,729","2,046"
Quintana Roo,90 a 94 años,"1,332",564,768
Quintana Roo,95 a 99 años,531,253,278
Quintana Roo,100 años y más,102,66,36
Quintana Roo,No especificado,"21,022","10,501","10,521"
San Luis Potosí,Total,"2,822,255","1,372,451","1,449,804"
San Luis Potosí,0 a 4 años,"230,931","116,331","114,600"
San Luis Potosí,5 a 9 años,"242,727","122,972","119,755"
San Luis Potosí,10 a 14 años,"252,780","128,254","124,526"
San Luis Potosí,15 a 19 años,"253,797","127,984","125,813"
San Luis Potosí,20 a 24 años,"232,129","113,430","118,699"
San Luis Potosí,25 a 29 años,"220,964","106,032","114,932"
San Luis Potosí,30 a 34 años,"204,288","96,754","107,534"
San Luis Potosí,35 a 39 años,"191,969","90,728","101,241"
San Luis Potosí,40 a 44 años,"180,174","85,394","94,780"
San Luis Potosí,45 a 49 años,"169,453","80,668","88,785"
San Luis Potosí,50 a 54 años,"153,736","72,445","81,291"
San Luis Potosí,55 a 59 años,"125,766","59,294","66,472"
San Luis Potosí,60 a 64 años,"107,635","51,031","56,604"
San Luis Potosí,65 a 69 años,"82,236","39,217","43,019"
San Luis Potosí,70 a 74 años,"63,157","30,156","33,001"
San Luis Potosí,75 a 79 años,"45,985","22,290","23,695"
San Luis Potosí,80 a 84 años,"32,252","14,922","17,330"
San Luis Potosí,85 a 89 años,"18,927","8,698","10,229"
San Luis Potosí,90 a 94 años,"8,052","3,502","4,550"
San Luis Potosí,95 a 99 años,"2,895","1,204","1,691"
San Luis Potosí,100 años y más,460,181,279
San Luis Potosí,No especificado,"1,942",964,978
Sinaloa,Total,"3,026,943","1,494,815","1,532,128"
Sinaloa,0 a 4 años,"236,236","120,045","116,191"
Sinaloa,5 a 9 años,"250,496","127,811","122,685"
Sinaloa,10 a 14 años,"260,172","132,511","127,661"
Sinaloa,15 a 19 años,"261,581","132,551","129,030"
Sinaloa,20 a 24 años,"256,990","127,976","129,014"
Sinaloa,25 a 29 años,"232,316","113,467","118,849"
Sinaloa,30 a 34 años,"215,491","105,280","110,211"
Sinaloa,35 a 39 años,"205,540","100,764","104,776"
Sinaloa,40 a 44 años,"204,309","99,977","104,332"
Sinaloa,45 a 49 años,"192,589","94,386","98,203"
Sinaloa,50 a 54 años,"172,094","83,272","88,822"
Sinaloa,55 a 59 años,"143,385","68,641","74,744"
Sinaloa,60 a 64 años,"123,628","58,938","64,690"
Sinaloa,65 a 69 años,"95,056","45,164","49,892"
Sinaloa,70 a 74 años,"70,677","34,107","36,570"
Sinaloa,75 a 79 años,"49,051","23,904","25,147"
Sinaloa,80 a 84 años,"30,957","14,451","16,506"
Sinaloa,85 a 89 años,"15,827","7,041","8,786"
Sinaloa,90 a 94 años,"5,997","2,483","3,514"
Sinaloa,95 a 99 años,"1,923",769,"1,154"
Sinaloa,100 años y más,403,169,234
Sinaloa,No especificado,"2,225","1,108","1,117"
Sonora,Total,"2,944,840","1,472,197","1,472,643"
Sonora,0 a 4 años,"218,345","110,604","107,741"
Sonora,5 a 9 años,"246,711","125,202","121,509"
Sonora,10 a 14 años,"258,791","132,191","126,600"
Sonora,15 a 19 años,"255,716","130,755","124,961"
Sonora,20 a 24 años,"247,003","125,586","121,417"
Sonora,25 a 29 años,"227,896","114,152","113,744"
Sonora,30 a 34 años,"215,004","107,455","107,549"
Sonora,35 a 39 años,"207,000","103,839","103,161"
Sonora,40 a 44 años,"203,895","101,577","102,318"
Sonora,45 a 49 años,"192,181","96,274","95,907"
Sonora,50 a 54 años,"170,705","84,122","86,583"
Sonora,55 a 59 años,"140,464","68,807","71,657"
Sonora,60 a 64 años,"121,603","58,841","62,762"
Sonora,65 a 69 años,"87,708","42,358","45,350"
Sonora,70 a 74 años,"61,882","29,386","32,496"
Sonora,75 a 79 años,"41,519","19,677","21,842"
Sonora,80 a 84 años,"26,144","11,839","14,305"
Sonora,85 a 89 años,"13,203","5,697","7,506"
Sonora,90 a 94 años,"4,727","1,849","2,878"
Sonora,95 a 99 años,"1,421",539,882
Sonora,100 años y más,197,83,114
Sonora,No especificado,"2,725","1,364","1,361"
Tabasco,Total,"2,402,598","1,173,671","1,228,927"
Tabasco,0 a 4 años,"206,877","104,669","102,208"
Tabasco,5 a 9 años,"224,058","113,706","110,352"
Tabasco,10 a 14 años,"222,698","113,492","109,206"
Tabasco,15 a 19 años,"208,660","105,289","103,371"
Tabasco,20 a 24 años,"188,555","91,925","96,630"
Tabasco,25 a 29 años,"180,324","85,425","94,899"
Tabasco,30 a 34 años,"181,427","85,667","95,760"
Tabasco,35 a 39 años,"179,476","84,231","95,245"
Tabasco,40 a 44 años,"167,602","79,123","88,479"
Tabasco,45 a 49 años,"147,298","70,224","77,074"
Tabasco,50 a 54 años,"130,575","62,842","67,733"
Tabasco,55 a 59 años,"106,647","51,906","54,741"
Tabasco,60 a 64 años,"84,886","41,416","43,470"
Tabasco,65 a 69 años,"64,809","31,582","33,227"
Tabasco,70 a 74 años,"41,845","20,321","21,524"
Tabasco,75 a 79 años,"29,521","14,369","15,152"
Tabasco,80 a 84 años,"18,674","8,952","9,722"
Tabasco,85 a 89 años,"11,315","5,262","6,053"
Tabasco,90 a 94 años,"4,337","1,957","2,380"
Tabasco,95 a 99 años,"1,677",697,980
Tabasco,100 años y más,461,184,277
Tabasco,No especificado,876,432,444
Tamaulipas,Total,"3,527,735","1,736,140","1,791,595"
Tamaulipas,0 a 4 años,"271,340","137,176","134,164"
Tamaulipas,5 a 9 años,"294,344","149,315","145,029"
Tamaulipas,10 a 14 años,"305,853","155,866","149,987"
Tamaulipas,15 a 19 años,"294,950","149,235","145,715"
Tamaulipas,20 a 24 años,"284,064","142,117","141,947"
Tamaulipas,25 a 29 años,"267,261","131,093","136,168"
Tamaulipas,30 a 34 años,"256,845","125,288","131,557"
Tamaulipas,35 a 39 años,"257,220","125,261","131,959"
Tamaulipas,40 a 44 años,"248,637","120,639","127,998"
Tamaulipas,45 a 49 años,"236,202","115,498","120,704"
Tamaulipas,50 a 54 años,"211,394","102,541","108,853"
Tamaulipas,55 a 59 años,"167,744","81,176","86,568"
Tamaulipas,60 a 64 años,"139,900","66,775","73,125"
Tamaulipas,65 a 69 años,"100,333","47,520","52,813"
Tamaulipas,70 a 74 años,"73,616","33,955","39,661"
Tamaulipas,75 a 79 años,"50,993","23,565","27,428"
Tamaulipas,80 a 84 años,"33,702","14,783","18,919"
Tamaulipas,85 a 89 años,"17,930","7,663","10,267"
Tamaulipas,90 a 94 años,"7,113","2,796","4,317"
Tamaulipas,95 a 99 años,"2,287",912,"1,375"
Tamaulipas,100 años y más,353,146,207
Tamaulipas,No especificado,"5,654","2,820","2,834"
Tlaxcala,Total,"1,342,977","649,894","693,083"
Tlaxcala,0 a 4 años,"110,460","55,685","54,775"
Tlaxcala,5 a 9 años,"117,738","59,685","58,053"
Tlaxcala,10 a 14 años,"119,718","60,747","58,971"
Tlaxcala,15 a 19 años,"121,207","61,532","59,675"
Tlaxcala,20 a 24 años,"113,937","56,738","57,199"
Tlaxcala,25 a 29 años,"104,758","50,890","53,868"
Tlaxcala,30 a 34 años,"96,512","45,384","51,128"
Tlaxcala,35 a 39 años,"94,896","43,586","51,310"
Tlaxcala,40 a 44 años,"89,448","41,550","47,898"
Tlaxcala,45 a 49 años,"80,395","37,282","43,113"
Tlaxcala,50 a 54 años,"70,782","32,540","38,242"
Tlaxcala,55 a 59 años,"56,315","26,186","30,129"
Tlaxcala,60 a 64 años,"46,505","21,684","24,821"
Tlaxcala,65 a 69 años,"33,958","15,919","18,039"
Tlaxcala,70 a 74 años,"24,495","11,325","13,170"
Tlaxcala,75 a 79 años,"17,367","8,240","9,127"
Tlaxcala,80 a 84 años,"11,591","5,335","6,256"
Tlaxcala,85 a 89 años,"7,325","3,225","4,100"
Tlaxcala,90 a 94 años,"3,217","1,353","1,864"
Tlaxcala,95 a 99 años,"1,231",532,699
Tlaxcala,100 años y más,197,57,140
Tlaxcala,No especificado,"20,925","10,419","10,506"
Veracruz de Ignacio de la Llave,Total,"8,062,579","3,871,774","4,190,805"
Veracruz de Ignacio de la Llave,0 a 4 años,"600,253","303,113","297,140"
Veracruz de Ignacio de la Llave,5 a 9 años,"675,182","342,335","332,847"
Veracruz de Ignacio de la Llave,10 a 14 años,"685,468","347,680","337,788"
Veracruz de Ignacio de la Llave,15 a 19 años,"681,548","344,153","337,395"
Veracruz de Ignacio de la Llave,20 a 24 años,"600,394","292,359","308,035"
Veracruz de Ignacio de la Llave,25 a 29 años,"580,421","272,684","307,737"
Veracruz de Ignacio de la Llave,30 a 34 años,"568,121","263,409","304,712"
Veracruz de Ignacio de la Llave,35 a 39 años,"558,791","258,605","300,186"
Veracruz de Ignacio de la Llave,40 a 44 años,"537,667","247,288","290,379"
Veracruz de Ignacio de la Llave,45 a 49 años,"516,152","240,159","275,993"
Veracruz de Ignacio de la Llave,50 a 54 años,"488,510","227,672","260,838"
Veracruz de Ignacio de la Llave,55 a 59 años,"408,710","192,522","216,188"
Veracruz de Ignacio de la Llave,60 a 64 años,"347,850","162,999","184,851"
Veracruz de Ignacio de la Llave,65 a 69 años,"279,233","130,731","148,502"
Veracruz de Ignacio de la Llave,70 a 74 años,"203,156","95,435","107,721"
Veracruz de Ignacio de la Llave,75 a 79 años,"145,737","68,964","76,773"
Veracruz de Ignacio de la Llave,80 a 84 años,"95,232","43,082","52,150"
Veracruz de Ignacio de la Llave,85 a 89 años,"54,398","23,684","30,714"
Veracruz de Ignacio de la Llave,90 a 94 años,"21,825","9,066","12,759"
Veracruz de Ignacio de la Llave,95 a 99 años,"8,304","3,328","4,976"
Veracruz de Ignacio de la Llave,100 años y más,"2,157",799,"1,358"
Veracruz de Ignacio de la Llave,No especificado,"3,470","1,707","1,763"
Yucatán,Total,"2,320,898","1,140,279","1,180,619"
Yucatán,0 a 4 años,"175,986","89,335","86,651"
Yucatán,5 a 9 años,"186,122","93,902","92,220"
Yucatán,10 a 14 años,"189,137","95,833","93,304"
Yucatán,15 a 19 años,"196,363","99,417","96,946"
Yucatán,20 a 24 años,"199,525","100,085","99,440"
Yucatán,25 a 29 años,"190,975","94,526","96,449"
Yucatán,30 a 34 años,"183,035","89,203","93,832"
Yucatán,35 a 39 años,"174,099","84,877","89,222"
Yucatán,40 a 44 años,"161,231","77,759","83,472"
Yucatán,45 a 49 años,"146,033","70,247","75,786"
Yucatán,50 a 54 años,"122,358","57,886","64,472"
Yucatán,55 a 59 años,"103,183","48,826","54,357"
Yucatán,60 a 64 años,"86,773","40,883","45,890"
Yucatán,65 a 69 años,"72,318","34,270","38,048"
Yucatán,70 a 74 años,"53,224","25,378","27,846"
Yucatán,75 a 79 años,"35,612","17,163","18,449"
Yucatán,80 a 84 años,"22,476","10,519","11,957"
Yucatán,85 a 89 años,"12,224","5,530","6,694"
Yucatán,90 a 94 años,"4,647","2,023","2,624"
Yucatán,95 a 99 años,"1,556",640,916
Yucatán,100 años y más,205,81,124
Yucatán,No especificado,"3,816","1,896","1,920"
Zacatecas,Total,"1,622,138","791,058","831,080"
Zacatecas,0 a 4 años,"151,745","76,563","75,182"
Zacatecas,5 a 9 años,"155,704","78,441","77,263"
Zacatecas,10 a 14 años,"151,355","76,912","74,443"
Zacatecas,15 a 19 años,"141,208","70,860","70,348"
Zacatecas,20 a 24 años,"130,238","63,289","66,949"
Zacatecas,25 a 29 años,"117,673","55,905","61,768"
Zacatecas,30 a 34 años,"114,442","53,586","60,856"
Zacatecas,35 a 39 años,"104,728","49,653","55,075"
Zacatecas,40 a 44 años,"102,682","48,739","53,943"
Zacatecas,45 a 49 años,"95,118","46,099","49,019"
Zacatecas,50 a 54 años,"86,207","40,965","45,242"
Zacatecas,55 a 59 años,"69,401","32,945","36,456"
Zacatecas,60 a 64 años,"58,039","27,708","30,331"
Zacatecas,65 a 69 años,"44,719","21,507","23,212"
Zacatecas,70 a 74 años,"35,100","17,080","18,020"
Zacatecas,75 a 79 años,"26,357","13,015","13,342"
Zacatecas,80 a 84 años,"18,058","8,641","9,417"
Zacatecas,85 a 89 años,"10,975","5,233","5,742"
Zacatecas,90 a 94 años,"4,569","2,160","2,409"
Zacatecas,95 a 99 años,"1,723",738,985
Zacatecas,100 años y más,239,102,137
Zacatecas,No especificado,"1,858",917,941
